{
    "children": [
        {
            "children": [],
            "display": "Dialyse / H\u00e4mofiltration",
            "id": "24c522c9-ab63-450a-855d-b43957da349c",
            "leaf": true,
            "selectable": true,
            "termCode": {
                "code": "108241001",
                "display": "dialyse (verrichting)",
                "system": "http://snomed.info/sct"
            },
            "timeRestrictionAllowed": false,
            "valueDefinitions": []
        },
        {
            "children": [],
            "display": "Apherese",
            "id": "f3e432a1-e78a-4c69-bffe-51414b4f98ea",
            "leaf": true,
            "selectable": true,
            "termCode": {
                "code": "127788007",
                "display": "Apheresis (procedure)",
                "system": "http://snomed.info/sct"
            },
            "timeRestrictionAllowed": false,
			 "valueDefinitions": [
				{
				  "allowedUnits": [],
				  "precision": 1,
				  "selectableConcepts": [
                    {
                        "code": "Plateletpheresis",
                        "display": "Plateletpheresis",
                        "system": "http://hl7.org/fhir/event-status"
                    },
                    {
                        "code": "in-progress",
                        "display": "in-progress",
                        "system": "http://hl7.org/fhir/event-status"
                    }
				  ],
				  "type": "concept"
				}
			  ]
	  },
        {
            "children": [],
            "display": "Bauchlage",
            "id": "e4b5372d-4d6b-458f-9e9c-ab9d49ed8aa3",
            "leaf": true,
            "selectable": true,
            "termCode": {
                "code": "431182000",
                "display": "pati\u00ebnt in buikligging plaatsen (verrichting)",
                "system": "http://snomed.info/sct"
            },
            "timeRestrictionAllowed": false,
            "valueDefinitions": []
        },
        {
            "children": [],
            "display": "ECMO-Therapie",
            "id": "305449a7-821e-4fa2-8465-6ee749d93aa4",
            "leaf": true,
            "selectable": true,
            "termCode": {
                "code": "233573008",
                "display": "Extracorporeal membrane oxygenation (procedure)",
                "system": "http://snomed.info/sct"
            },
            "timeRestrictionAllowed": false,
            "valueDefinitions": []
        }
    ],
    "display": "Therapie",
    "id": "90357f8c-dd2f-46ca-a8aa-2c2d47aac139",
    "leaf": false,
    "selectable": false,
    "termCode": {
        "code": "Therapie",
        "display": "Therapie",
        "system": "num.codex"
    },
    "timeRestrictionAllowed": false,
    "valueDefinitions": []
}